,DEPARTMENT,RATING
11,Sociology,4.21
3,English,4.035526315789474
1,Biology,3.938636363636364
5,Management,3.7903225806451615
4,History,3.7760000000000002
9,Performing Arts,3.775
10,Psychology,3.6799999999999997
0,Accounting & Finance,3.676
6,Management Science & Information Systems,3.168
2,Curriculum & Instruction,3.1607142857142856
7,Mathematics,3.0999999999999996
8,Nursing,2.855
