DEPARTMENT,PAY_TOTAL_ACTUAL
Political Science,20219.093333333334
Women's Gender Sexuality Studi,20203.634285714284
Economics,20161.022857142856
Africana Studies,18793.79
Philosophy,16587.61666666667
Anthropology,16372.561666666666
Accounting & Finance,15646.082999999999
Chemistry,15631.478571428572
English,14522.085
Communications,13488.612
